to,from,dashes
MAV00300,MAV00126,
MAV00280,MAV00126,
MAV03673,MAV00788,
MAV00022,MAV00021,
MAV00023,MAV00021,
MAV00024,MAV00023,
MAV00025,MAV00023,
MAV00025,MAV00024,
MAV00029,MAV00027,
MAV00030,MAV00027,
MAV00031,MAV00028,
MAV00032,MAV00030,
MAV00033,MAV00028,
MAV00033,MAV00031,
MAV00034,MAV00027,
MAV00034,MAV00028,
MAV00034,MAV00030,
MAV00035,MAV00021,
MAV00037,MAV00029,
MAV00038,MAV00030,
MAV00039,MAV00037,
MAV00040,MAV00038,
MAV00041,MAV00039,
MAV00042,MAV00040,
MAV00043,MAV00041,
MAV00044,MAV00042,
MAV00045,MAV00043,
MAV00046,MAV00044,
MAV00047,MAV00045,
MAV00048,MAV00046,
MAV00049,MAV00047,
MAV00050,MAV00028,
MAV00051,MAV00028,
MAV00055,MAV00029,
MAV00056,MAV00034,
MAV00057,MAV00029,
MAV00060,MAV00059,
MAV00061,MAV00036,
MAV00062,MAV00028,
MAV00063,MAV00028,
MAV00064,MAV00028,
MAV00066,MAV00029,
MAV00067,MAV00029,
MAV00070,MAV00072,
MAV00071,MAV00072,
MAV00073,MAV00068,
MAV00074,MAV00036,
MAV00075,MAV00036,
MAV00079,MAV00031,
MAV00080,MAV00035,
MAV00082,MAV00035,
MAV00084,MAV00052,
MAV00087,MAV00053,
MAV00089,MAV00036,
MAV00091,MAV00038,
MAV00091,MAV00039,
MAV00091,MAV00040,
MAV00091,MAV00041,
MAV00091,MAV00042,
MAV00091,MAV00043,
MAV00091,MAV00044,
MAV00091,MAV00045,
MAV00091,MAV00046,
MAV00091,MAV00047,
MAV00091,MAV00048,
MAV00091,MAV00049,
MAV00092,MAV00053,
MAV00093,MAV00038,
MAV00093,MAV00039,
MAV00093,MAV00040,
MAV00093,MAV00041,
MAV00093,MAV00042,
MAV00093,MAV00043,
MAV00093,MAV00044,
MAV00093,MAV00045,
MAV00093,MAV00046,
MAV00093,MAV00047,
MAV00093,MAV00048,
MAV00093,MAV00049,
MAV00094,MAV00036,
MAV00096,MAV00030,
MAV00097,MAV00097,
MAV00098,MAV00097,
MAV00099,MAV00097,
MAV00100,MAV00097,
MAV00101,MAV00097,
MAV00102,MAV00097,
MAV00103,MAV00097,
MAV00104,MAV00097,
MAV00105,MAV00097,
MAV00106,MAV00097,
MAV00107,MAV00097,
MAV00108,MAV00097,
MAV00109,MAV00097,
MAV00110,MAV00097,
MAV00111,MAV00097,
MAV00112,MAV00072,
MAV00114,MAV00073,
MAV00115,MAV00038,
MAV00115,MAV00039,
MAV00115,MAV00040,
MAV00115,MAV00041,
MAV00115,MAV00042,
MAV00115,MAV00043,
MAV00115,MAV00044,
MAV00115,MAV00045,
MAV00115,MAV00046,
MAV00115,MAV00047,
MAV00115,MAV00048,
MAV00115,MAV00049,
MAV00116,MAV00038,
MAV00116,MAV00039,
MAV00116,MAV00040,
MAV00116,MAV00041,
MAV00116,MAV00042,
MAV00116,MAV00043,
MAV00116,MAV00044,
MAV00116,MAV00045,
MAV00116,MAV00046,
MAV00116,MAV00047,
MAV00116,MAV00048,
MAV00116,MAV00049,
MAV00117,MAV00028,
MAV00117,MAV00031,
MAV00118,MAV00072,
MAV00119,MAV00120,
MAV00120,MAV00072,
MAV00121,MAV00120,
MAV00122,MAV00126,
MAV00122,MAV00072,
MAV00123,MAV00126,
MAV00124,MAV00126,
MAV00125,MAV00126,
MAV00126,MAV00072,
MAV00128,MAV00081,
MAV00130,MAV00072,
MAV00134,MAV00085,
MAV00135,MAV00085,
MAV00136,MAV00085,
MAV00137,MAV00120,
MAV00138,MAV00118,
MAV00139,MAV00112,
MAV00142,MAV00072,
MAV00143,MAV00072,
MAV00144,MAV00072,
MAV00145,MAV00072,
MAV00146,MAV00072,
MAV00147,MAV00072,
MAV00148,MAV00072,
MAV00149,MAV00072,
MAV00150,MAV00072,
MAV00151,MAV00072,
MAV00152,MAV00155,
MAV00155,MAV00036,
MAV00156,MAV00036,
MAV00157,MAV00036,
MAV00158,MAV00036,
MAV00159,MAV00036,
MAV00160,MAV00036,
MAV00161,MAV00036,
MAV00162,MAV00036,
MAV00163,MAV00036,
MAV00164,MAV00036,
MAV00165,MAV00036,
MAV00166,MAV00036,
MAV00167,MAV00036,
MAV00168,MAV00036,
MAV00169,MAV00036,
MAV00170,MAV00036,
MAV00171,MAV00036,
MAV00172,MAV00036,
MAV00173,MAV00036,
MAV00174,MAV00036,
MAV00175,MAV00126,
MAV00176,MAV00126,
MAV00177,MAV00035,
MAV00178,MAV00073,
MAV00179,MAV00073,
MAV00182,MAV00154,
MAV00183,MAV00154,
MAV00188,MAV00072,
MAV00214,MAV00219,
MAV00216,MAV00189,
MAV00220,MAV00113,
MAV00221,MAV00113,
MAV00222,MAV00126,
MAV00223,MAV00126,
MAV00224,MAV00126,
MAV00225,MAV00187,
MAV00227,MAV00126,
MAV00230,MAV00050,
MAV00231,MAV00050,
MAV00232,MAV00050,
MAV00233,MAV00050,
MAV00234,MAV00050,
MAV00235,MAV00050,
MAV00236,MAV00050,
MAV00237,MAV00038,
MAV00237,MAV00039,
MAV00237,MAV00040,
MAV00237,MAV00041,
MAV00237,MAV00042,
MAV00237,MAV00043,
MAV00237,MAV00044,
MAV00237,MAV00045,
MAV00237,MAV00046,
MAV00237,MAV00047,
MAV00237,MAV00048,
MAV00237,MAV00049,
MAV00238,MAV00050,
MAV00239,MAV00050,
MAV00240,MAV00050,
MAV00241,MAV00050,
MAV00242,MAV00050,
MAV00243,MAV00133,
MAV00244,MAV00133,
MAV00245,MAV00133,
MAV00246,MAV00133,
MAV00247,MAV00133,
MAV00248,MAV00133,
MAV00249,MAV00133,
MAV00250,MAV00133,
MAV00251,MAV00153,
MAV00252,MAV00153,
MAV00276,MAV00140,
MAV00284,MAV00153,
MAV00285,MAV00126,
MAV00286,MAV00029,
MAV00288,MAV00126,
MAV00290,MAV00126,
MAV00292,MAV00126,
MAV00293,MAV00126,
MAV00294,MAV00126,
MAV00295,MAV00126,
MAV00296,MAV00126,
MAV00297,MAV00126,
MAV00298,MAV00126,
MAV00299,MAV00126,
MAV00301,MAV00126,
MAV00302,MAV00111,
MAV00303,MAV00111,
MAV00304,MAV00111,
MAV00305,MAV00111,
MAV00306,MAV00111,
MAV00307,MAV00111,
MAV00308,MAV00111,
MAV00309,MAV00111,
MAV00310,MAV00111,
MAV00311,MAV00111,
MAV00312,MAV00111,
MAV00313,MAV00111,
MAV00314,MAV00111,
MAV00315,MAV00111,
MAV00316,MAV00111,
MAV00317,MAV00111,
MAV00318,MAV00111,
MAV00319,MAV00111,
MAV00320,MAV00111,
MAV00321,MAV00111,
MAV00322,MAV00111,
MAV00323,MAV00111,
MAV00324,MAV00111,
MAV00325,MAV00111,
MAV00326,MAV00111,
MAV00327,MAV00111,
MAV00328,MAV00111,
MAV00329,MAV00111,
MAV00330,MAV00111,
MAV00331,MAV00111,
MAV00332,MAV00111,
MAV00333,MAV00111,
MAV00334,MAV00111,
MAV00335,MAV00111,
MAV00336,MAV00111,
MAV00337,MAV00111,
MAV00338,MAV00111,
MAV00339,MAV00111,
MAV00340,MAV00111,
MAV00341,MAV00111,
MAV00342,MAV00111,
MAV00343,MAV00111,
MAV00344,MAV00111,
MAV00345,MAV00111,
MAV00346,MAV00111,
MAV00347,MAV00111,
MAV00348,MAV00111,
MAV00349,MAV00111,
MAV00350,MAV00111,
MAV00351,MAV00111,
MAV00352,MAV00111,
MAV00353,MAV00111,
MAV00354,MAV00111,
MAV00355,MAV00111,
MAV00356,MAV00111,
MAV00357,MAV00111,
MAV00358,MAV00111,
MAV00359,MAV00111,
MAV00360,MAV00111,
MAV00361,MAV00111,
MAV00362,MAV00111,
MAV00363,MAV00111,
MAV00364,MAV00111,
MAV00365,MAV00111,
MAV00366,MAV00111,
MAV00367,MAV00111,
MAV00368,MAV00111,
MAV00369,MAV00111,
MAV00370,MAV00111,
MAV00371,MAV00111,
MAV00372,MAV00111,
MAV00373,MAV00111,
MAV00374,MAV00111,
MAV00375,MAV00111,
MAV00376,MAV00111,
MAV00377,MAV00111,
MAV00378,MAV00111,
MAV00379,MAV00111,
MAV00380,MAV00111,
MAV00381,MAV00111,
MAV00382,MAV00111,
MAV00383,MAV00111,
MAV00384,MAV00111,
MAV00385,MAV00111,
MAV00386,MAV00111,
MAV00387,MAV00111,
MAV00388,MAV00111,
MAV00389,MAV00111,
MAV00390,MAV00111,
MAV00391,MAV00111,
MAV00392,MAV00111,
MAV00393,MAV00111,
MAV00394,MAV00111,
MAV00395,MAV00111,
MAV00396,MAV00111,
MAV00397,MAV00129,
MAV00398,MAV00129,
MAV00399,MAV00129,
MAV00400,MAV00129,
MAV00401,MAV00129,
MAV00402,MAV00129,
MAV00403,MAV00129,
MAV00404,MAV00129,
MAV00405,MAV00129,
MAV00406,MAV00129,
MAV00407,MAV00129,
MAV00408,MAV00129,
MAV00409,MAV00129,
MAV00410,MAV00129,
MAV00411,MAV00129,
MAV00412,MAV00129,
MAV00413,MAV00129,
MAV00414,MAV00129,
MAV00415,MAV00129,
MAV00416,MAV00129,
MAV00417,MAV00129,
MAV00418,MAV00129,
MAV00419,MAV00129,
MAV00420,MAV00129,
MAV00421,MAV00129,
MAV00422,MAV00129,
MAV00423,MAV00129,
MAV00424,MAV00129,
MAV00425,MAV00129,
MAV00426,MAV00129,
MAV00427,MAV00129,
MAV00428,MAV00129,
MAV00429,MAV00129,
MAV00430,MAV00129,
MAV00431,MAV00129,
MAV00432,MAV00129,
MAV00433,MAV00129,
MAV00434,MAV00129,
MAV00435,MAV00129,
MAV00436,MAV00129,
MAV00437,MAV00129,
MAV00438,MAV00129,
MAV00439,MAV00129,
MAV00440,MAV00129,
MAV00441,MAV00129,
MAV00442,MAV00129,
MAV00443,MAV00129,
MAV00444,MAV00129,
MAV00445,MAV00129,
MAV00446,MAV00129,
MAV00447,MAV00129,
MAV00448,MAV00129,
MAV00449,MAV00129,
MAV00450,MAV00129,
MAV00451,MAV00129,
MAV00452,MAV00129,
MAV00453,MAV00129,
MAV00454,MAV00129,
MAV00455,MAV00129,
MAV00456,MAV00129,
MAV00457,MAV00129,
MAV00458,MAV00129,
MAV00459,MAV00129,
MAV00460,MAV00129,
MAV00461,MAV00129,
MAV00462,MAV00129,
MAV00463,MAV00129,
MAV00464,MAV00129,
MAV00465,MAV00129,
MAV00466,MAV00129,
MAV00467,MAV00129,
MAV00468,MAV00129,
MAV00471,MAV00050,
MAV00471,MAV00051,
MAV00472,MAV00052,
MAV00473,MAV00084,
MAV00474,MAV00129,
MAV00483,MAV00050,
MAV00484,MAV00050,
MAV00485,MAV00050,
MAV00486,MAV00050,
MAV00487,MAV00037,
MAV00488,MAV00248,
MAV00490,MAV00248,
MAV00492,MAV00131,
MAV00492,MAV00132,
MAV00493,MAV00131,
MAV00493,MAV00132,
MAV00503,MAV00310,
MAV00505,MAV00291,
MAV00506,MAV00291,
MAV00507,MAV00291,
MAV00508,MAV00291,
MAV00509,MAV00291,
MAV00510,MAV00291,
MAV00511,MAV00291,
MAV00512,MAV00498,
MAV00514,MAV00248,
MAV00518,MAV00253,
MAV00519,MAV00277,
MAV00522,MAV00266,
MAV00523,MAV00489,
MAV00526,MAV00052,
MAV00528,MAV00053,
MAV00530,MAV00043,
MAV00530,MAV00044,
MAV00530,MAV00045,
MAV00530,MAV00046,
MAV00530,MAV00047,
MAV00530,MAV00048,
MAV00530,MAV00049,
MAV00531,MAV00037,
MAV00531,MAV00038,
MAV00531,MAV00039,
MAV00531,MAV00040,
MAV00531,MAV00041,
MAV00531,MAV00042,
MAV00531,MAV00043,
MAV00531,MAV00044,
MAV00531,MAV00045,
MAV00531,MAV00046,
MAV00531,MAV00047,
MAV00531,MAV00048,
MAV00531,MAV00049,
MAV00532,MAV00037,
MAV00532,MAV00038,
MAV00532,MAV00039,
MAV00532,MAV00040,
MAV00532,MAV00041,
MAV00532,MAV00042,
MAV00532,MAV00043,
MAV00532,MAV00044,
MAV00532,MAV00045,
MAV00532,MAV00046,
MAV00532,MAV00047,
MAV00532,MAV00048,
MAV00532,MAV00049,
MAV00533,MAV00037,
MAV00533,MAV00038,
MAV00533,MAV00039,
MAV00533,MAV00040,
MAV00533,MAV00041,
MAV00533,MAV00042,
MAV00533,MAV00043,
MAV00533,MAV00044,
MAV00533,MAV00045,
MAV00533,MAV00046,
MAV00533,MAV00047,
MAV00533,MAV00048,
MAV00533,MAV00049,
MAV00534,MAV00037,
MAV00534,MAV00038,
MAV00534,MAV00039,
MAV00534,MAV00040,
MAV00534,MAV00041,
MAV00534,MAV00042,
MAV00534,MAV00043,
MAV00534,MAV00044,
MAV00534,MAV00045,
MAV00534,MAV00046,
MAV00534,MAV00047,
MAV00534,MAV00048,
MAV00534,MAV00049,
MAV00535,MAV00037,
MAV00535,MAV00038,
MAV00535,MAV00039,
MAV00535,MAV00040,
MAV00535,MAV00041,
MAV00535,MAV00042,
MAV00535,MAV00043,
MAV00535,MAV00044,
MAV00535,MAV00045,
MAV00535,MAV00046,
MAV00535,MAV00047,
MAV00535,MAV00048,
MAV00535,MAV00049,
MAV00536,MAV00037,
MAV00536,MAV00038,
MAV00536,MAV00039,
MAV00536,MAV00040,
MAV00536,MAV00041,
MAV00536,MAV00042,
MAV00536,MAV00043,
MAV00536,MAV00044,
MAV00536,MAV00045,
MAV00536,MAV00046,
MAV00536,MAV00047,
MAV00536,MAV00048,
MAV00536,MAV00049,
MAV00537,MAV00037,
MAV00537,MAV00038,
MAV00537,MAV00039,
MAV00537,MAV00040,
MAV00537,MAV00041,
MAV00537,MAV00042,
MAV00537,MAV00043,
MAV00537,MAV00044,
MAV00537,MAV00045,
MAV00537,MAV00046,
MAV00537,MAV00047,
MAV00537,MAV00048,
MAV00537,MAV00049,
MAV00538,MAV00228,
MAV00539,MAV00228,
MAV00540,MAV00228,
MAV00542,MAV00513,
MAV00542,MAV00524,
MAV00543,MAV00036,
MAV00545,MAV00257,
MAV00546,MAV00037,
MAV00546,MAV00049,
MAV00560,MAV00291,
MAV00561,MAV00477,
MAV00565,MAV00498,
MAV00565,MAV00512,
MAV00566,MAV00498,
MAV00566,MAV00512,
MAV00575,MAV00028,
MAV00618,MAV00550,
MAV00619,MAV00552,
MAV00621,MAV00050,
MAV00621,MAV00051,
MAV00622,MAV00050,
MAV00622,MAV00051,
MAV00624,MAV00050,
MAV00624,MAV00051,
MAV00625,MAV00552,
MAV00626,MAV00552,
MAV00627,MAV00552,
MAV00628,MAV00552,
MAV00633,MAV00630,
MAV00636,MAV00574,
MAV00641,MAV00477,
MAV00642,MAV00229,
MAV00643,MAV00544,
MAV00644,MAV00181,
MAV00645,MAV00181,
MAV00646,MAV00571,
MAV00647,MAV00477,
MAV00651,MAV00036,
MAV00652,MAV00036,
MAV00653,MAV00036,
MAV00654,MAV00036,
MAV00655,MAV00036,
MAV00656,MAV00036,
MAV00657,MAV00036,
MAV00658,MAV00036,
MAV00659,MAV00036,
MAV00660,MAV00036,
MAV00661,MAV00036,
MAV00662,MAV00036,
MAV00663,MAV00036,
MAV00664,MAV00036,
MAV00665,MAV00036,
MAV00666,MAV00036,
MAV00667,MAV00036,
MAV00672,MAV00556,
MAV00673,MAV00556,
MAV00676,MAV00036,
MAV00677,MAV00036,
MAV00678,MAV00036,
MAV00679,MAV00036,
MAV00680,MAV00036,
MAV00681,MAV00036,
MAV00682,MAV00036,
MAV00683,MAV00036,
MAV00684,MAV00036,
MAV00685,MAV00036,
MAV00686,MAV00036,
MAV00687,MAV00036,
MAV00688,MAV00036,
MAV00689,MAV00036,
MAV00692,MAV00036,
MAV00693,MAV00036,
MAV00695,MAV00036,
MAV00696,MAV00036,
MAV00697,MAV00036,
MAV00703,MAV00036,
MAV00704,MAV00036,
MAV00706,MAV00036,
MAV00708,MAV00036,
MAV00709,MAV00036,
MAV00713,MAV00036,
MAV00714,MAV00036,
MAV00716,MAV00036,
MAV00717,MAV00187,
MAV00717,MAV00225,
MAV00730,MAV00489,
MAV00734,MAV00444,
MAV00740,MAV00550,
MAV00741,MAV00550,
MAV00742,MAV00550,
MAV00743,MAV00550,
MAV00744,MAV00550,
MAV00745,MAV00560,
MAV00746,MAV00560,
MAV00747,MAV00054,
MAV00750,MAV00541,
MAV00751,MAV00542,
MAV00754,MAV00036,
MAV00755,MAV00036,
MAV00757,MAV00029,
MAV00757,MAV00066,
MAV00758,MAV00562,
MAV00759,MAV00562,
MAV00764,MAV00637,
MAV00765,MAV00638,
MAV00767,MAV00054,
MAV00768,MAV00635,
MAV00771,MAV00127,
MAV00777,MAV00498,
MAV00777,MAV00512,
MAV00778,MAV00498,
MAV00778,MAV00512,
MAV00779,MAV00498,
MAV00779,MAV00512,
MAV00780,MAV00498,
MAV00780,MAV00512,
MAV00781,MAV00498,
MAV00781,MAV00512,
MAV00782,MAV00498,
MAV00782,MAV00512,
MAV00783,MAV00498,
MAV00783,MAV00512,
MAV00784,MAV00036,
MAV00794,MAV00700,
MAV00795,MAV00700,
MAV00796,MAV00700,
MAV00797,MAV00700,
MAV00798,MAV00700,
MAV00799,MAV00541,
MAV00799,MAV00750,
MAV00799,MAV00751,
MAV00800,MAV00541,
MAV00800,MAV00750,
MAV00800,MAV00751,
MAV00803,MAV00733,
MAV00804,MAV00733,
MAV00805,MAV00733,
MAV00806,MAV00733,
MAV00809,MAV00036,
MAV00810,MAV00733,
MAV00813,MAV00037,
MAV00813,MAV00094,
MAV00814,MAV00037,
MAV00815,MAV00036,
MAV00819,MAV00562,
MAV00820,MAV00562,
MAV00821,MAV00036,
MAV00822,MAV00036,
MAV00823,MAV00036,
MAV00824,MAV00036,
MAV00825,MAV00036,
MAV00826,MAV00036,
MAV00827,MAV00036,
MAV00828,MAV00036,
MAV00829,MAV00036,
MAV00830,MAV00036,
MAV00831,MAV00036,
MAV00832,MAV00119,
MAV00836,MAV00785,
MAV00837,MAV00785,
MAV00838,MAV00785,
MAV00839,MAV00785,
MAV00840,MAV00595,
MAV00842,MAV00595,
MAV00843,MAV00595,
MAV00844,MAV00672,
MAV00844,MAV00556,
MAV00845,MAV00498,
MAV00845,MAV00556,
MAV00846,MAV00498,
MAV00846,MAV00512,
MAV00847,MAV00498,
MAV00847,MAV00512,
MAV00848,MAV00498,
MAV00848,MAV00512,
MAV00850,MAV00226,
MAV00851,MAV00851,
MAV00851,MAV00226,
MAV00851,MAV00229,
MAV00852,MAV00498,
MAV00853,MAV00475,
MAV00854,MAV00498,
MAV00856,MAV00226,
MAV00857,MAV00496,
MAV00858,MAV00496,
MAV00859,MAV00226,
MAV00860,MAV00498,
MAV00861,MAV00229,
MAV00863,MAV00036,
MAV00864,MAV00036,
MAV00867,MAV00763,
MAV00868,MAV00763,
MAV00869,MAV00763,
MAV00870,MAV00763,
MAV00871,MAV00763,
MAV00872,MAV00763,
MAV00873,MAV00763,
MAV00874,MAV00763,
MAV00875,MAV00763,
MAV00878,MAV00802,
MAV00879,MAV00649,
MAV00880,MAV00649,
MAV00881,MAV00648,
MAV00882,MAV00648,
MAV00883,MAV00648,
MAV00884,MAV00648,
MAV00885,MAV00648,
MAV00886,MAV00648,
MAV00887,MAV00648,
MAV00888,MAV00673,
MAV00890,MAV00036,
MAV00891,MAV00551,
MAV00892,MAV00551,
MAV00893,MAV00551,
MAV00894,MAV00551,
MAV00895,MAV00551,
MAV00896,MAV00551,
MAV00898,MAV00140,
MAV00898,MAV00141,
MAV00900,MAV00551,
MAV00904,MAV00637,
MAV00905,MAV00559,
MAV00906,MAV00559,
MAV00907,MAV00559,
MAV00908,MAV00559,
MAV00909,MAV00649,
MAV00909,MAV00880,
MAV00910,MAV00642,
MAV00912,MAV00793,
MAV00913,MAV00793,
MAV00914,MAV00745,
MAV00915,MAV00745,
MAV00917,MAV00140,
MAV00917,MAV00141,
MAV00918,MAV00140,
MAV00918,MAV00141,
MAV00919,MAV00140,
MAV00919,MAV00141,
MAV00920,MAV00140,
MAV00920,MAV00141,
MAV00921,MAV00140,
MAV00921,MAV00141,
MAV00922,MAV00140,
MAV00922,MAV00141,
MAV00923,MAV00140,
MAV00923,MAV00141,
MAV00924,MAV00140,
MAV00924,MAV00141,
MAV00925,MAV00140,
MAV00925,MAV00141,
MAV00926,MAV00140,
MAV00926,MAV00141,
MAV00927,MAV00140,
MAV00927,MAV00141,
MAV00928,MAV00140,
MAV00928,MAV00141,
MAV00929,MAV00140,
MAV00929,MAV00141,
MAV00930,MAV00140,
MAV00930,MAV00141,
MAV00931,MAV00140,
MAV00931,MAV00141,
MAV00932,MAV00140,
MAV00932,MAV00141,
MAV00933,MAV00140,
MAV00933,MAV00141,
MAV00934,MAV00140,
MAV00934,MAV00141,
MAV00935,MAV00140,
MAV00935,MAV00141,
MAV00936,MAV00140,
MAV00936,MAV00141,
MAV00937,MAV00140,
MAV00937,MAV00141,
MAV00938,MAV00140,
MAV00938,MAV00141,
MAV00939,MAV00140,
MAV00939,MAV00141,
MAV00940,MAV00140,
MAV00940,MAV00141,
MAV00941,MAV00140,
MAV00941,MAV00141,
MAV00942,MAV00140,
MAV00942,MAV00141,
MAV00943,MAV00037,
MAV00943,MAV00038,
MAV00943,MAV00039,
MAV00943,MAV00040,
MAV00943,MAV00041,
MAV00943,MAV00042,
MAV00943,MAV00043,
MAV00943,MAV00044,
MAV00943,MAV00045,
MAV00943,MAV00046,
MAV00943,MAV00047,
MAV00943,MAV00048,
MAV00943,MAV00049,
MAV00945,MAV00053,
MAV00946,MAV00562,
MAV00947,MAV00562,
MAV00948,MAV00562,
MAV00949,MAV00889,
MAV00950,MAV00948,
MAV00951,MAV00948,
MAV00952,MAV00948,
MAV00953,MAV00948,
MAV00956,MAV00518,
MAV00959,MAV00226,
MAV00960,MAV00289,
MAV00961,MAV00226,
MAV00965,MAV00899,
MAV00966,MAV00899,
MAV00982,MAV00642,
MAV00984,MAV00574,
MAV00996,MAV00214,
MAV00999,MAV00480,
MAV01000,MAV00480,
MAV01011,MAV00480,
MAV01022,MAV00480,
MAV01033,MAV00480,
MAV01044,MAV00480,
MAV01055,MAV00480,
MAV01066,MAV00480,
MAV01077,MAV00480,
MAV01176,MAV00950,
MAV01176,MAV00953,
MAV01187,MAV00950,
MAV01187,MAV00953,
MAV01209,MAV00889,
MAV01220,MAV00950,
MAV01220,MAV00953,
MAV01231,MAV00673,
MAV01242,MAV00949,
MAV01253,MAV00834,
MAV01264,MAV00834,
MAV01275,MAV00834,
MAV01286,MAV00834,
MAV01297,MAV00521,
MAV01308,MAV00104,
MAV01319,MAV00104,
MAV01330,MAV00995,
MAV01341,MAV00291,
MAV01352,MAV00950,
MAV01352,MAV00951,
MAV01352,MAV00952,
MAV01352,MAV00953,
MAV01363,MAV00950,
MAV01363,MAV00951,
MAV01363,MAV00952,
MAV01363,MAV00953,
MAV01363,MAV00954,
MAV01374,MAV00670,
MAV01385,MAV00670,
MAV01396,MAV00775,
MAV01407,MAV00775,
MAV01418,MAV00775,
MAV01451,MAV00842,
MAV01495,MAV00967,
MAV01506,MAV00968,
MAV01517,MAV00968,
MAV01528,MAV00964,
MAV01539,MAV00964,
MAV01550,MAV00982,
MAV01561,MAV00982,
MAV01605,MAV00159,
MAV01616,MAV00834,
MAV01627,MAV00834,
MAV01638,MAV00834,
MAV01649,MAV00834,
MAV01660,MAV00834,
MAV01671,MAV00834,
MAV01715,MAV00730,
MAV01737,MAV00763,
MAV01781,MAV00036,
MAV01814,MAV00981,
MAV01825,MAV00981,
MAV01836,MAV00981,
MAV01847,MAV00981,
MAV01858,MAV00981,
MAV01869,MAV00477,
MAV01880,MAV00477,
MAV01891,MAV00228,
MAV01891,MAV00788,
MAV01902,MAV00143,
MAV01902,MAV00144,
MAV01913,MAV00215,
MAV02034,MAV01040,
MAV02056,MAV00983,
MAV02067,MAV00985,
MAV02089,MAV00221,
MAV02100,MAV00141,
MAV02111,MAV00291,
MAV02122,MAV00241,
MAV02133,MAV00241,
MAV02144,MAV00241,
MAV02155,MAV00241,
MAV02166,MAV00241,
MAV02177,MAV00126,
MAV02188,MAV00072,
MAV02199,MAV00761,
MAV02210,MAV00761,
MAV02221,MAV00761,
MAV02232,MAV00891,
MAV02232,MAV00892,
MAV02232,MAV00893,
MAV02232,MAV00894,
MAV02232,MAV00895,
MAV02232,MAV00896,
MAV02243,MAV00761,
MAV02254,MAV00122,
MAV02265,MAV00982,
MAV02276,MAV00954,
MAV02287,MAV00954,
MAV02298,MAV00954,
MAV02309,MAV00954,
MAV02320,MAV00954,
MAV02331,MAV00954,
MAV02342,MAV00954,
MAV02353,MAV00954,
MAV02364,MAV00954,
MAV02375,MAV00954,
MAV02386,MAV00979,
MAV02397,MAV00518,
MAV02408,MAV00979,
MAV02419,MAV00834,
MAV02441,MAV00122,
MAV02496,MAV00954,
MAV02507,MAV01093,
MAV02518,MAV01093,
MAV02584,MAV00843,
MAV02606,MAV01091,
MAV02716,MAV00971,
MAV02727,MAV00971,
MAV02760,MAV01042,
MAV02771,MAV01042,
MAV02782,MAV01042,
MAV02793,MAV01042,
MAV02804,MAV01042,
MAV02815,MAV01042,
MAV02826,MAV01042,
MAV02848,MAV00498,
MAV02892,MAV00565,
MAV02958,MAV00498,
MAV03068,MAV00898,
MAV03079,MAV01141,
MAV03112,MAV01064,
MAV03123,MAV01064,
MAV03145,MAV00263,
MAV03387,MAV01063,
MAV03398,MAV01063,
MAV03409,MAV01063,
MAV03420,MAV01063,
MAV03453,MAV00226,
MAV03464,MAV00477,
MAV03475,MAV00853,
MAV03486,MAV00477,
MAV03497,MAV00477,
MAV03541,MAV00226,
MAV03563,MAV00504,
MAV03618,MAV00788,
MAV03629,MAV00853,
MAV03640,MAV00788,
MAV03651,MAV00788,
MAV03662,MAV00226,
MAV03684,MAV00788,
MAV04597,MAV01132,
MAV04608,MAV01327,
MAV04619,MAV01327,
MAV04630,MAV01327,
MAV04641,MAV00954,
MAV04652,MAV00954,
MAV04663,MAV00954,
MAV04674,MAV00954,
MAV04685,MAV00954,
MAV04696,MAV01160,
MAV04696,MAV01161,
MAV04696,MAV01162,
MAV04696,MAV01163,
MAV04696,MAV01164,
MAV04696,MAV01165,
MAV04696,MAV01166,
MAV04707,MAV01160,
MAV04707,MAV01161,
MAV04707,MAV01162,
MAV04707,MAV01163,
MAV04707,MAV01164,
MAV04707,MAV01165,
MAV04707,MAV01166,
MAV04718,MAV00817,
MAV04729,MAV01160,
MAV04729,MAV01161,
MAV04729,MAV01162,
MAV04729,MAV01163,
MAV04729,MAV01164,
MAV04729,MAV01165,
MAV04729,MAV01166,
MAV04740,MAV00954,
MAV04751,MAV01160,
MAV04751,MAV01161,
MAV04751,MAV01162,
MAV04751,MAV01163,
MAV04751,MAV01164,
MAV04751,MAV01165,
MAV04751,MAV01166,
MAV04762,MAV01160,
MAV04762,MAV01161,
MAV04762,MAV01162,
MAV04762,MAV01163,
MAV04762,MAV01164,
MAV04762,MAV01165,
MAV04762,MAV01166,
MAV04773,MAV00954,
MAV04795,MAV01088,
MAV04806,MAV01088,
MAV04817,MAV01088,
MAV04828,MAV01088,
MAV04894,MAV01246,
MAV04905,MAV01246,
MAV04916,MAV01246,
MAV04927,MAV01246,
MAV04938,MAV01088,
MAV04949,MAV01088,
MAV05652,MAV00567,
MAV05663,MAV01088,
MAV05674,MAV01088,
MAV05685,MAV01088,
MAV05718,MAV01116,
MAV05729,MAV01116,
MAV05740,MAV01116,
MAV05751,MAV01116,
MAV05762,MAV01116,
MAV05773,MAV00632,
MAV05784,MAV00632,
MAV05806,MAV01386,
MAV05817,MAV01324,
MAV05828,MAV01324,
